22070578,TRUMP MAKE AMERICA GREAT AGAIN COMMITTEE
22070579,TRUMP MAKE AMERICA GREAT AGAIN COMMITTEE
22070580,TRUMP MAKE AMERICA GREAT AGAIN COMMITTEE
22070581,TRUMP MAKE AMERICA GREAT AGAIN COMMITTEE
22070582,TRUMP MAKE AMERICA GREAT AGAIN COMMITTEE
22070583,TRUMP MAKE AMERICA GREAT AGAIN COMMITTEE
22070584,TRUMP MAKE AMERICA GREAT AGAIN COMMITTEE
22070585,TRUMP MAKE AMERICA GREAT AGAIN COMMITTEE
22070586,TRUMP MAKE AMERICA GREAT AGAIN COMMITTEE
22070587,TRUMP MAKE AMERICA GREAT AGAIN COMMITTEE
22070588,TRUMP MAKE AMERICA GREAT AGAIN COMMITTEE
22070589,TRUMP MAKE AMERICA GREAT AGAIN COMMITTEE
22070590,TRUMP MAKE AMERICA GREAT AGAIN COMMITTEE
22073578,TRUMP MAKE AMERICA GREAT AGAIN COMMITTEE
22073579,TRUMP MAKE AMERICA GREAT AGAIN COMMITTEE
22074578,TRUMP MAKE AMERICA GREAT AGAIN COMMITTEE
22074579,TRUMP MAKE AMERICA GREAT AGAIN COMMITTEE
22074580,TRUMP MAKE AMERICA GREAT AGAIN COMMITTEE
22074581,TRUMP MAKE AMERICA GREAT AGAIN COMMITTEE
22074582,TRUMP MAKE AMERICA GREAT AGAIN COMMITTEE
22074583,TRUMP MAKE AMERICA GREAT AGAIN COMMITTEE
22075578,BIDEN VICTORY FUND
22075579,BIDEN VICTORY FUND
22075580,BIDEN VICTORY FUND
22075581,BIDEN VICTORY FUND
22075582,BIDEN VICTORY FUND
22075583,BIDEN VICTORY FUND
22075584,BIDEN VICTORY FUND
22075585,BIDEN VICTORY FUND
22075586,BIDEN VICTORY FUND
22075587,BIDEN VICTORY FUND
22075588,BIDEN VICTORY FUND
22075589,BIDEN VICTORY FUND
22075590,BIDEN VICTORY FUND
22075591,BIDEN VICTORY FUND
22075592,BIDEN VICTORY FUND
22075593,BIDEN VICTORY FUND
22075594,BIDEN VICTORY FUND
22075595,BIDEN VICTORY FUND
22075596,BIDEN VICTORY FUND
22148380,TRUMP MAKE AMERICA GREAT AGAIN COMMITTEE
22148381,TRUMP MAKE AMERICA GREAT AGAIN COMMITTEE
22148382,TRUMP MAKE AMERICA GREAT AGAIN COMMITTEE
22148383,TRUMP MAKE AMERICA GREAT AGAIN COMMITTEE
22148384,TRUMP MAKE AMERICA GREAT AGAIN COMMITTEE
22148385,TRUMP MAKE AMERICA GREAT AGAIN COMMITTEE
22148386,TRUMP MAKE AMERICA GREAT AGAIN COMMITTEE
22148387,TRUMP MAKE AMERICA GREAT AGAIN COMMITTEE
22148388,TRUMP MAKE AMERICA GREAT AGAIN COMMITTEE
22148389,TRUMP MAKE AMERICA GREAT AGAIN COMMITTEE
22148390,TRUMP MAKE AMERICA GREAT AGAIN COMMITTEE
22148391,TRUMP MAKE AMERICA GREAT AGAIN COMMITTEE
22148392,TRUMP MAKE AMERICA GREAT AGAIN COMMITTEE
22148393,TRUMP MAKE AMERICA GREAT AGAIN COMMITTEE
22153380,BIDEN VICTORY FUND
22153381,BIDEN VICTORY FUND
22153382,BIDEN VICTORY FUND
22153383,BIDEN VICTORY FUND
22153384,BIDEN VICTORY FUND
22153385,BIDEN VICTORY FUND
22153386,BIDEN VICTORY FUND
22153387,BIDEN VICTORY FUND
22153388,BIDEN VICTORY FUND
22153389,BIDEN VICTORY FUND
22153390,BIDEN VICTORY FUND
22153391,BIDEN VICTORY FUND
22153392,BIDEN VICTORY FUND
22153393,BIDEN VICTORY FUND
22153394,BIDEN VICTORY FUND
22153395,BIDEN VICTORY FUND
22153396,BIDEN VICTORY FUND
22153397,BIDEN VICTORY FUND
22153398,BIDEN VICTORY FUND
22153399,BIDEN VICTORY FUND
22153400,BIDEN VICTORY FUND
22153401,BIDEN VICTORY FUND
22153402,BIDEN VICTORY FUND
22153403,BIDEN VICTORY FUND
22153404,BIDEN VICTORY FUND
22153405,BIDEN VICTORY FUND
22153406,BIDEN VICTORY FUND
22153407,BIDEN VICTORY FUND
22153408,BIDEN VICTORY FUND
22153409,BIDEN VICTORY FUND
22153410,BIDEN VICTORY FUND
22153411,BIDEN VICTORY FUND
22153412,BIDEN VICTORY FUND
22153413,BIDEN VICTORY FUND
22153414,BIDEN VICTORY FUND
22153415,BIDEN VICTORY FUND
22153416,BIDEN VICTORY FUND
22153417,BIDEN VICTORY FUND
22153418,BIDEN VICTORY FUND
22153419,BIDEN VICTORY FUND
22153432,BIDEN VICTORY FUND
22153433,BIDEN VICTORY FUND
22153434,BIDEN VICTORY FUND
22153438,BIDEN VICTORY FUND
22153439,BIDEN VICTORY FUND
22153441,BIDEN VICTORY FUND
22153444,BIDEN VICTORY FUND
22153445,BIDEN VICTORY FUND
22153446,BIDEN VICTORY FUND
22153447,BIDEN VICTORY FUND
22153448,BIDEN VICTORY FUND
